ano;pib_real;ipca
2010;7,53;5,91
2011;3,97;6,5
2012;1,92;5,84
2013;3;5,91
2014;0,5;6,41
2015;-3,55;10,67
2016;-3,28;6,29
2017;1,32;2,95
2018;1,78;3,75
2019;1,22;4,31
2020;-3,28;4,52
2021;4,99;10,06
2022;2,9;5,79
